recursion, loop, algo, allowedP, trueP, n, sentinel, time, 
1, 16, hpce.fast_fourier_transform_combined, 8, 8, 16, 5.08428, 0.005481
1, 16, hpce.fast_fourier_transform_combined, 8, 8, 19, 3.74151, 3.57e-05
1, 16, hpce.fast_fourier_transform_combined, 8, 8, 22, 2.7268, 3.21e-05
1, 16, hpce.fast_fourier_transform_combined, 8, 8, 26, 3.69267, 1.46e-05
1, 16, hpce.fast_fourier_transform_combined, 8, 8, 32, 5.12512, 1.17e-05
1, 16, hpce.fast_fourier_transform_combined, 8, 8, 38, 10.1649, 0.0001135
1, 16, hpce.fast_fourier_transform_combined, 8, 8, 45, 4.59897, 2.59e-05
1, 16, hpce.fast_fourier_transform_combined, 8, 8, 53, 6.24848, 2.3e-05
1, 16, hpce.fast_fourier_transform_combined, 8, 8, 64, 8.48267, 5.25e-05
1, 16, hpce.fast_fourier_transform_combined, 8, 8, 76, 0.649002, 9.85e-05
1, 16, hpce.fast_fourier_transform_combined, 8, 8, 90, 6.17745, 4.6e-05
1, 16, hpce.fast_fourier_transform_combined, 8, 8, 107, 4.0058, 5.79e-05
1, 16, hpce.fast_fourier_transform_combined, 8, 8, 128, 6.99139, 4.6e-05
1, 16, hpce.fast_fourier_transform_combined, 8, 8, 152, 12.8346, 7.47e-05
1, 16, hpce.fast_fourier_transform_combined, 8, 8, 181, 3.00734, 7.81e-05
1, 16, hpce.fast_fourier_transform_combined, 8, 8, 215, 3.89364, 7.92e-05
1, 16, hpce.fast_fourier_transform_combined, 8, 8, 256, 7.77228, 8.17e-05
1, 16, hpce.fast_fourier_transform_combined, 8, 8, 304, 6.2474, 0.0001378
1, 16, hpce.fast_fourier_transform_combined, 8, 8, 362, 12.3514, 9.73e-05
1, 16, hpce.fast_fourier_transform_combined, 8, 8, 430, 11.1336, 0.0001112
1, 16, hpce.fast_fourier_transform_combined, 8, 8, 512, 6.38456, 0.0001157
1, 16, hpce.fast_fourier_transform_combined, 8, 8, 608, 18.3453, 0.0002108
1, 16, hpce.fast_fourier_transform_combined, 8, 8, 724, 6.05831, 0.0001929
1, 16, hpce.fast_fourier_transform_combined, 8, 8, 861, 5.95193, 0.0001878
1, 16, hpce.fast_fourier_transform_combined, 8, 8, 1024, 15.0743, 0.0001925
1, 16, hpce.fast_fourier_transform_combined, 8, 8, 1217, 25.349, 0.0003359
1, 16, hpce.fast_fourier_transform_combined, 8, 8, 1448, 22.9566, 0.0003081
1, 16, hpce.fast_fourier_transform_combined, 8, 8, 1722, 15.9214, 0.0003102
1, 16, hpce.fast_fourier_transform_combined, 8, 8, 2048, 50.2559, 0.0003369
1, 16, hpce.fast_fourier_transform_combined, 8, 8, 2435, 31.2571, 0.0006006
1, 16, hpce.fast_fourier_transform_combined, 8, 8, 2896, 13.6187, 0.0006043
1, 16, hpce.fast_fourier_transform_combined, 8, 8, 3444, 16.7054, 0.0007702
1, 16, hpce.fast_fourier_transform_combined, 8, 8, 4096, 41.5433, 0.0007315
1, 16, hpce.fast_fourier_transform_combined, 8, 8, 4870, 84.8676, 0.0018667
1, 16, hpce.fast_fourier_transform_combined, 8, 8, 5792, 20.4682, 0.0011798
1, 16, hpce.fast_fourier_transform_combined, 8, 8, 6888, 44.0272, 0.0013614
1, 16, hpce.fast_fourier_transform_combined, 8, 8, 8192, 105.398, 0.0010582
1, 16, hpce.fast_fourier_transform_combined, 8, 8, 9741, 50.2525, 0.0026508
1, 16, hpce.fast_fourier_transform_combined, 8, 8, 11585, 102.396, 0.0024663
1, 16, hpce.fast_fourier_transform_combined, 8, 8, 13777, 48.408, 0.0029906
1, 16, hpce.fast_fourier_transform_combined, 8, 8, 16384, 83.2001, 0.0025929
1, 16, hpce.fast_fourier_transform_combined, 8, 8, 19483, 75.1435, 0.004445
1, 16, hpce.fast_fourier_transform_combined, 8, 8, 23170, 57.7327, 0.0040967
1, 16, hpce.fast_fourier_transform_combined, 8, 8, 27554, 131.97, 0.0041523
1, 16, hpce.fast_fourier_transform_combined, 8, 8, 32768, 114.539, 0.0038633
1, 16, hpce.fast_fourier_transform_combined, 8, 8, 38967, 204.035, 0.0077985
1, 16, hpce.fast_fourier_transform_combined, 8, 8, 46340, 106.822, 0.0081902
1, 16, hpce.fast_fourier_transform_combined, 8, 8, 55108, 91.965, 0.007512
1, 16, hpce.fast_fourier_transform_combined, 8, 8, 65536, 61.2098, 0.0119558
1, 16, hpce.fast_fourier_transform_combined, 8, 8, 77935, 232.701, 0.0225225
1, 16, hpce.fast_fourier_transform_combined, 8, 8, 92681, 34.833, 0.0182715
1, 16, hpce.fast_fourier_transform_combined, 8, 8, 110217, 158.456, 0.0199345
1, 16, hpce.fast_fourier_transform_combined, 8, 8, 131072, 343.686, 0.0196865
1, 16, hpce.fast_fourier_transform_combined, 8, 8, 155871, 106.199, 0.0400148
1, 16, hpce.fast_fourier_transform_combined, 8, 8, 185363, 146.588, 0.0381852
1, 16, hpce.fast_fourier_transform_combined, 8, 8, 220435, 118.499, 0.0372998
1, 16, hpce.fast_fourier_transform_combined, 8, 8, 262144, 313.594, 0.0403783
1, 16, hpce.fast_fourier_transform_combined, 8, 8, 311743, 382.887, 0.0733269
1, 16, hpce.fast_fourier_transform_combined, 8, 8, 370727, 280.517, 0.0721543
1, 16, hpce.fast_fourier_transform_combined, 8, 8, 440871, 118.337, 0.0725195
1, 16, hpce.fast_fourier_transform_combined, 8, 8, 524288, 309.047, 0.0724684
1, 16, hpce.fast_fourier_transform_combined, 8, 8, 623487, 655.52, 0.158481
1, 16, hpce.fast_fourier_transform_combined, 8, 8, 741455, 96.6169, 0.164635
1, 16, hpce.fast_fourier_transform_combined, 8, 8, 881743, 161.942, 0.162952
1, 16, hpce.fast_fourier_transform_combined, 8, 8, 1048576, 550.877, 0.170542
1, 16, hpce.fast_fourier_transform_combined, 8, 8, 1246974, 103.408, 0.358552
1, 16, hpce.fast_fourier_transform_combined, 8, 8, 1482910, 265.466, 0.360174
1, 16, hpce.fast_fourier_transform_combined, 8, 8, 1763487, 1022.81, 0.351913
1, 16, hpce.fast_fourier_transform_combined, 8, 8, 2097152, 1672.13, 0.372085
1, 16, hpce.fast_fourier_transform_combined, 8, 8, 2493948, 1085.24, 0.785799
1, 16, hpce.fast_fourier_transform_combined, 8, 8, 2965820, 473.371, 0.718161
1, 16, hpce.fast_fourier_transform_combined, 8, 8, 3526975, 836.634, 0.795237
1, 16, hpce.fast_fourier_transform_combined, 8, 8, 4194304, 1679.33, 0.745476
1, 16, hpce.fast_fourier_transform_combined, 8, 8, 4987896, 768.932, 1.55031
1, 16, hpce.fast_fourier_transform_combined, 8, 8, 5931641, 559.983, 1.60407
1, 16, hpce.fast_fourier_transform_combined, 8, 8, 7053950, 1307.88, 1.66132
1, 16, hpce.fast_fourier_transform_combined, 8, 8, 8388608, 2882.48, 1.60772
1, 16, hpce.fast_fourier_transform_combined, 8, 8, 9975792, 3553.85, 3.193
1, 16, hpce.fast_fourier_transform_combined, 8, 8, 11863283, 1940.72, 3.28133
1, 16, hpce.fast_fourier_transform_combined, 8, 8, 14107900, 1159.23, 3.37924
1, 16, hpce.fast_fourier_transform_combined, 8, 8, 16777216, 3402.48, 3.33949
1, 16, hpce.fast_fourier_transform_combined, 8, 8, 19951584, 2187.89, 7.16789
1, 16, hpce.fast_fourier_transform_combined, 8, 8, 23726566, 3263.95, 7.24026
1, 16, hpce.fast_fourier_transform_combined, 8, 8, 28215801, 3521.84, 7.59383
1, 16, hpce.fast_fourier_transform_combined, 8, 8, 33554432, 4734.21, 6.95795
1, 16, hpce.fast_fourier_transform_combined, 8, 8, 39903169, 1428.68, 13.8195
1, 16, hpce.fast_fourier_transform_combined, 8, 8, 47453132, 1864.09, 13.8849
1, 16, hpce.fast_fourier_transform_combined, 8, 8, 56431603, 2422.51, 14.4888
1, 16, hpce.fast_fourier_transform_combined, 8, 8, 67108864, 4805.36, 15.8216
16, 16, hpce.fast_fourier_transform_combined, 8, 8, 16, 5.08428, 3.14e-05
16, 16, hpce.fast_fourier_transform_combined, 8, 8, 19, 3.74151, 5.9e-06
16, 16, hpce.fast_fourier_transform_combined, 8, 8, 22, 2.7268, 2.2e-06
16, 16, hpce.fast_fourier_transform_combined, 8, 8, 26, 3.69267, 2.2e-06
16, 16, hpce.fast_fourier_transform_combined, 8, 8, 32, 5.12512, 2.2e-06
16, 16, hpce.fast_fourier_transform_combined, 8, 8, 38, 10.1649, 0.010031
16, 16, hpce.fast_fourier_transform_combined, 8, 8, 45, 4.59897, 2.19e-05
16, 16, hpce.fast_fourier_transform_combined, 8, 8, 53, 6.24848, 1.02e-05
16, 16, hpce.fast_fourier_transform_combined, 8, 8, 64, 8.48267, 1.06e-05
16, 16, hpce.fast_fourier_transform_combined, 8, 8, 76, 0.649002, 0.0012937
16, 16, hpce.fast_fourier_transform_combined, 8, 8, 90, 6.17745, 0.0034119
16, 16, hpce.fast_fourier_transform_combined, 8, 8, 107, 4.0058, 2.3e-05
16, 16, hpce.fast_fourier_transform_combined, 8, 8, 128, 6.99139, 3.68e-05
16, 16, hpce.fast_fourier_transform_combined, 8, 8, 152, 12.8346, 0.0015087
16, 16, hpce.fast_fourier_transform_combined, 8, 8, 181, 3.00734, 0.003021
16, 16, hpce.fast_fourier_transform_combined, 8, 8, 215, 3.89364, 6.56e-05
16, 16, hpce.fast_fourier_transform_combined, 8, 8, 256, 7.77228, 5.03e-05
16, 16, hpce.fast_fourier_transform_combined, 8, 8, 304, 6.2474, 9.74e-05
16, 16, hpce.fast_fourier_transform_combined, 8, 8, 362, 12.3514, 8.64e-05
16, 16, hpce.fast_fourier_transform_combined, 8, 8, 430, 11.1336, 0.0001025
16, 16, hpce.fast_fourier_transform_combined, 8, 8, 512, 6.38456, 9.67e-05
16, 16, hpce.fast_fourier_transform_combined, 8, 8, 608, 18.3453, 0.0002023
16, 16, hpce.fast_fourier_transform_combined, 8, 8, 724, 6.05831, 0.0001619
16, 16, hpce.fast_fourier_transform_combined, 8, 8, 861, 5.95193, 0.0001871
16, 16, hpce.fast_fourier_transform_combined, 8, 8, 1024, 15.0743, 0.000148
16, 16, hpce.fast_fourier_transform_combined, 8, 8, 1217, 25.349, 0.0002975
16, 16, hpce.fast_fourier_transform_combined, 8, 8, 1448, 22.9566, 0.0002123
16, 16, hpce.fast_fourier_transform_combined, 8, 8, 1722, 15.9214, 0.0002279
16, 16, hpce.fast_fourier_transform_combined, 8, 8, 2048, 50.2559, 0.0002309
16, 16, hpce.fast_fourier_transform_combined, 8, 8, 2435, 31.2571, 0.0004128
16, 16, hpce.fast_fourier_transform_combined, 8, 8, 2896, 13.6187, 0.0004442
16, 16, hpce.fast_fourier_transform_combined, 8, 8, 3444, 16.7054, 0.0005546
16, 16, hpce.fast_fourier_transform_combined, 8, 8, 4096, 41.5433, 0.0005842
16, 16, hpce.fast_fourier_transform_combined, 8, 8, 4870, 84.8676, 0.0014966
16, 16, hpce.fast_fourier_transform_combined, 8, 8, 5792, 20.4682, 0.0015323
16, 16, hpce.fast_fourier_transform_combined, 8, 8, 6888, 44.0272, 0.0013672
16, 16, hpce.fast_fourier_transform_combined, 8, 8, 8192, 105.398, 0.0013405
16, 16, hpce.fast_fourier_transform_combined, 8, 8, 9741, 50.2525, 0.0019463
16, 16, hpce.fast_fourier_transform_combined, 8, 8, 11585, 102.396, 0.0019634
16, 16, hpce.fast_fourier_transform_combined, 8, 8, 13777, 48.408, 0.0021001
16, 16, hpce.fast_fourier_transform_combined, 8, 8, 16384, 83.2001, 0.001652
16, 16, hpce.fast_fourier_transform_combined, 8, 8, 19483, 75.1435, 0.004143
16, 16, hpce.fast_fourier_transform_combined, 8, 8, 23170, 57.7327, 0.0036758
16, 16, hpce.fast_fourier_transform_combined, 8, 8, 27554, 131.97, 0.0059267
16, 16, hpce.fast_fourier_transform_combined, 8, 8, 32768, 114.539, 0.0037431
16, 16, hpce.fast_fourier_transform_combined, 8, 8, 38967, 204.035, 0.0102524
16, 16, hpce.fast_fourier_transform_combined, 8, 8, 46340, 106.822, 0.0140534
16, 16, hpce.fast_fourier_transform_combined, 8, 8, 55108, 91.965, 0.0172183
16, 16, hpce.fast_fourier_transform_combined, 8, 8, 65536, 61.2098, 0.0117038
16, 16, hpce.fast_fourier_transform_combined, 8, 8, 77935, 232.701, 0.0314662
16, 16, hpce.fast_fourier_transform_combined, 8, 8, 92681, 34.833, 0.0154782
16, 16, hpce.fast_fourier_transform_combined, 8, 8, 110217, 158.456, 0.0158024
16, 16, hpce.fast_fourier_transform_combined, 8, 8, 131072, 343.686, 0.0140414
16, 16, hpce.fast_fourier_transform_combined, 8, 8, 155871, 106.199, 0.033412
16, 16, hpce.fast_fourier_transform_combined, 8, 8, 185363, 146.588, 0.0337888
16, 16, hpce.fast_fourier_transform_combined, 8, 8, 220435, 118.499, 0.028897
16, 16, hpce.fast_fourier_transform_combined, 8, 8, 262144, 313.594, 0.0305975
16, 16, hpce.fast_fourier_transform_combined, 8, 8, 311743, 382.887, 0.0700197
16, 16, hpce.fast_fourier_transform_combined, 8, 8, 370727, 280.517, 0.0721748
16, 16, hpce.fast_fourier_transform_combined, 8, 8, 440871, 118.337, 0.0675814
16, 16, hpce.fast_fourier_transform_combined, 8, 8, 524288, 309.047, 0.0650181
16, 16, hpce.fast_fourier_transform_combined, 8, 8, 623487, 655.52, 0.158293
16, 16, hpce.fast_fourier_transform_combined, 8, 8, 741455, 96.6169, 0.156735
16, 16, hpce.fast_fourier_transform_combined, 8, 8, 881743, 161.942, 0.141437
16, 16, hpce.fast_fourier_transform_combined, 8, 8, 1048576, 550.877, 0.147996
16, 16, hpce.fast_fourier_transform_combined, 8, 8, 1246974, 103.408, 0.303935
16, 16, hpce.fast_fourier_transform_combined, 8, 8, 1482910, 265.466, 0.311512
16, 16, hpce.fast_fourier_transform_combined, 8, 8, 1763487, 1022.81, 0.300468
16, 16, hpce.fast_fourier_transform_combined, 8, 8, 2097152, 1672.13, 0.287238
16, 16, hpce.fast_fourier_transform_combined, 8, 8, 2493948, 1085.24, 0.667869
16, 16, hpce.fast_fourier_transform_combined, 8, 8, 2965820, 473.371, 0.638975
16, 16, hpce.fast_fourier_transform_combined, 8, 8, 3526975, 836.634, 0.694914
16, 16, hpce.fast_fourier_transform_combined, 8, 8, 4194304, 1679.33, 0.612861
16, 16, hpce.fast_fourier_transform_combined, 8, 8, 4987896, 768.932, 1.56447
16, 16, hpce.fast_fourier_transform_combined, 8, 8, 5931641, 559.983, 1.62737
16, 16, hpce.fast_fourier_transform_combined, 8, 8, 7053950, 1307.88, 1.66532
16, 16, hpce.fast_fourier_transform_combined, 8, 8, 8388608, 2882.48, 1.38477
16, 16, hpce.fast_fourier_transform_combined, 8, 8, 9975792, 3553.85, 3.00773
16, 16, hpce.fast_fourier_transform_combined, 8, 8, 11863283, 1940.72, 3.06293
16, 16, hpce.fast_fourier_transform_combined, 8, 8, 14107900, 1159.23, 3.12302
16, 16, hpce.fast_fourier_transform_combined, 8, 8, 16777216, 3402.48, 2.75953
16, 16, hpce.fast_fourier_transform_combined, 8, 8, 19951584, 2187.89, 5.70966
16, 16, hpce.fast_fourier_transform_combined, 8, 8, 23726566, 3263.95, 5.90398
16, 16, hpce.fast_fourier_transform_combined, 8, 8, 28215801, 3521.84, 6.13129
16, 16, hpce.fast_fourier_transform_combined, 8, 8, 33554432, 4734.21, 6.03055
16, 16, hpce.fast_fourier_transform_combined, 8, 8, 39903169, 1428.68, 11.9229
16, 16, hpce.fast_fourier_transform_combined, 8, 8, 47453132, 1864.09, 11.987
16, 16, hpce.fast_fourier_transform_combined, 8, 8, 56431603, 2422.51, 13.0367
16, 16, hpce.fast_fourier_transform_combined, 8, 8, 67108864, 4805.36, 12.5774
2, 16, hpce.fast_fourier_transform_combined, 8, 8, 16, 5.08428, 0.0054417
2, 16, hpce.fast_fourier_transform_combined, 8, 8, 19, 3.74151, 2.19e-05
2, 16, hpce.fast_fourier_transform_combined, 8, 8, 22, 2.7268, 1.97e-05
2, 16, hpce.fast_fourier_transform_combined, 8, 8, 26, 3.69267, 2.26e-05
2, 16, hpce.fast_fourier_transform_combined, 8, 8, 32, 5.12512, 6.2e-06
2, 16, hpce.fast_fourier_transform_combined, 8, 8, 38, 10.1649, 7.55e-05
2, 16, hpce.fast_fourier_transform_combined, 8, 8, 45, 4.59897, 1.68e-05
2, 16, hpce.fast_fourier_transform_combined, 8, 8, 53, 6.24848, 3.64e-05
2, 16, hpce.fast_fourier_transform_combined, 8, 8, 64, 8.48267, 1.75e-05
2, 16, hpce.fast_fourier_transform_combined, 8, 8, 76, 0.649002, 7.51e-05
2, 16, hpce.fast_fourier_transform_combined, 8, 8, 90, 6.17745, 3.97e-05
2, 16, hpce.fast_fourier_transform_combined, 8, 8, 107, 4.0058, 4.63e-05
2, 16, hpce.fast_fourier_transform_combined, 8, 8, 128, 6.99139, 5.25e-05
2, 16, hpce.fast_fourier_transform_combined, 8, 8, 152, 12.8346, 6.05e-05
2, 16, hpce.fast_fourier_transform_combined, 8, 8, 181, 3.00734, 5.33e-05
2, 16, hpce.fast_fourier_transform_combined, 8, 8, 215, 3.89364, 6.31e-05
2, 16, hpce.fast_fourier_transform_combined, 8, 8, 256, 7.77228, 6.46e-05
2, 16, hpce.fast_fourier_transform_combined, 8, 8, 304, 6.2474, 9.59e-05
2, 16, hpce.fast_fourier_transform_combined, 8, 8, 362, 12.3514, 8.32e-05
2, 16, hpce.fast_fourier_transform_combined, 8, 8, 430, 11.1336, 9.29e-05
2, 16, hpce.fast_fourier_transform_combined, 8, 8, 512, 6.38456, 8.75e-05
2, 16, hpce.fast_fourier_transform_combined, 8, 8, 608, 18.3453, 0.0001557
2, 16, hpce.fast_fourier_transform_combined, 8, 8, 724, 6.05831, 0.0001382
2, 16, hpce.fast_fourier_transform_combined, 8, 8, 861, 5.95193, 0.0001546
2, 16, hpce.fast_fourier_transform_combined, 8, 8, 1024, 15.0743, 0.0001674
2, 16, hpce.fast_fourier_transform_combined, 8, 8, 1217, 25.349, 0.0002943
2, 16, hpce.fast_fourier_transform_combined, 8, 8, 1448, 22.9566, 0.0002374
2, 16, hpce.fast_fourier_transform_combined, 8, 8, 1722, 15.9214, 0.0002852
2, 16, hpce.fast_fourier_transform_combined, 8, 8, 2048, 50.2559, 0.0002415
2, 16, hpce.fast_fourier_transform_combined, 8, 8, 2435, 31.2571, 0.0004719
2, 16, hpce.fast_fourier_transform_combined, 8, 8, 2896, 13.6187, 0.0004992
2, 16, hpce.fast_fourier_transform_combined, 8, 8, 3444, 16.7054, 0.000493
2, 16, hpce.fast_fourier_transform_combined, 8, 8, 4096, 41.5433, 0.0005025
2, 16, hpce.fast_fourier_transform_combined, 8, 8, 4870, 84.8676, 0.0009784
2, 16, hpce.fast_fourier_transform_combined, 8, 8, 5792, 20.4682, 0.0011611
2, 16, hpce.fast_fourier_transform_combined, 8, 8, 6888, 44.0272, 0.0011378
2, 16, hpce.fast_fourier_transform_combined, 8, 8, 8192, 105.398, 0.0007778
2, 16, hpce.fast_fourier_transform_combined, 8, 8, 9741, 50.2525, 0.0017766
2, 16, hpce.fast_fourier_transform_combined, 8, 8, 11585, 102.396, 0.0019189
2, 16, hpce.fast_fourier_transform_combined, 8, 8, 13777, 48.408, 0.002056
2, 16, hpce.fast_fourier_transform_combined, 8, 8, 16384, 83.2001, 0.0022016
2, 16, hpce.fast_fourier_transform_combined, 8, 8, 19483, 75.1435, 0.0040763
2, 16, hpce.fast_fourier_transform_combined, 8, 8, 23170, 57.7327, 0.0042483
2, 16, hpce.fast_fourier_transform_combined, 8, 8, 27554, 131.97, 0.0039852
2, 16, hpce.fast_fourier_transform_combined, 8, 8, 32768, 114.539, 0.0037194
2, 16, hpce.fast_fourier_transform_combined, 8, 8, 38967, 204.035, 0.0072096
2, 16, hpce.fast_fourier_transform_combined, 8, 8, 46340, 106.822, 0.0079378
2, 16, hpce.fast_fourier_transform_combined, 8, 8, 55108, 91.965, 0.0072864
2, 16, hpce.fast_fourier_transform_combined, 8, 8, 65536, 61.2098, 0.0067461
2, 16, hpce.fast_fourier_transform_combined, 8, 8, 77935, 232.701, 0.0157856
2, 16, hpce.fast_fourier_transform_combined, 8, 8, 92681, 34.833, 0.0180324
2, 16, hpce.fast_fourier_transform_combined, 8, 8, 110217, 158.456, 0.0194407
2, 16, hpce.fast_fourier_transform_combined, 8, 8, 131072, 343.686, 0.0157228
2, 16, hpce.fast_fourier_transform_combined, 8, 8, 155871, 106.199, 0.03496
2, 16, hpce.fast_fourier_transform_combined, 8, 8, 185363, 146.588, 0.0376374
2, 16, hpce.fast_fourier_transform_combined, 8, 8, 220435, 118.499, 0.0384991
2, 16, hpce.fast_fourier_transform_combined, 8, 8, 262144, 313.594, 0.0401749
2, 16, hpce.fast_fourier_transform_combined, 8, 8, 311743, 382.887, 0.0739081
2, 16, hpce.fast_fourier_transform_combined, 8, 8, 370727, 280.517, 0.0722007
2, 16, hpce.fast_fourier_transform_combined, 8, 8, 440871, 118.337, 0.0772156
2, 16, hpce.fast_fourier_transform_combined, 8, 8, 524288, 309.047, 0.0740117
2, 16, hpce.fast_fourier_transform_combined, 8, 8, 623487, 655.52, 0.162221
2, 16, hpce.fast_fourier_transform_combined, 8, 8, 741455, 96.6169, 0.157603
2, 16, hpce.fast_fourier_transform_combined, 8, 8, 881743, 161.942, 0.161236
2, 16, hpce.fast_fourier_transform_combined, 8, 8, 1048576, 550.877, 0.142524
2, 16, hpce.fast_fourier_transform_combined, 8, 8, 1246974, 103.408, 0.310467
2, 16, hpce.fast_fourier_transform_combined, 8, 8, 1482910, 265.466, 0.323908
2, 16, hpce.fast_fourier_transform_combined, 8, 8, 1763487, 1022.81, 0.416544
2, 16, hpce.fast_fourier_transform_combined, 8, 8, 2097152, 1672.13, 0.346279
2, 16, hpce.fast_fourier_transform_combined, 8, 8, 2493948, 1085.24, 0.668363
2, 16, hpce.fast_fourier_transform_combined, 8, 8, 2965820, 473.371, 0.91833
2, 16, hpce.fast_fourier_transform_combined, 8, 8, 3526975, 836.634, 0.736763
2, 16, hpce.fast_fourier_transform_combined, 8, 8, 4194304, 1679.33, 0.719003
2, 16, hpce.fast_fourier_transform_combined, 8, 8, 4987896, 768.932, 1.43651
2, 16, hpce.fast_fourier_transform_combined, 8, 8, 5931641, 559.983, 1.47464
2, 16, hpce.fast_fourier_transform_combined, 8, 8, 7053950, 1307.88, 1.68135
2, 16, hpce.fast_fourier_transform_combined, 8, 8, 8388608, 2882.48, 1.66006
2, 16, hpce.fast_fourier_transform_combined, 8, 8, 9975792, 3553.85, 3.3568
2, 16, hpce.fast_fourier_transform_combined, 8, 8, 11863283, 1940.72, 3.15494
2, 16, hpce.fast_fourier_transform_combined, 8, 8, 14107900, 1159.23, 3.65617
2, 16, hpce.fast_fourier_transform_combined, 8, 8, 16777216, 3402.48, 3.08185
2, 16, hpce.fast_fourier_transform_combined, 8, 8, 19951584, 2187.89, 6.59759
2, 16, hpce.fast_fourier_transform_combined, 8, 8, 23726566, 3263.95, 6.33642
2, 16, hpce.fast_fourier_transform_combined, 8, 8, 28215801, 3521.84, 7.35249
2, 16, hpce.fast_fourier_transform_combined, 8, 8, 33554432, 4734.21, 6.35121
2, 16, hpce.fast_fourier_transform_combined, 8, 8, 39903169, 1428.68, 13.5072
2, 16, hpce.fast_fourier_transform_combined, 8, 8, 47453132, 1864.09, 13.4833
2, 16, hpce.fast_fourier_transform_combined, 8, 8, 56431603, 2422.51, 13.7523
2, 16, hpce.fast_fourier_transform_combined, 8, 8, 67108864, 4805.36, 13.971
32, 16, hpce.fast_fourier_transform_combined, 8, 8, 16, 5.08428, 2.56e-05
32, 16, hpce.fast_fourier_transform_combined, 8, 8, 19, 3.74151, 6.2e-06
32, 16, hpce.fast_fourier_transform_combined, 8, 8, 22, 2.7268, 1.8e-06
32, 16, hpce.fast_fourier_transform_combined, 8, 8, 26, 3.69267, 2.5e-06
32, 16, hpce.fast_fourier_transform_combined, 8, 8, 32, 5.12512, 1.8e-06
32, 16, hpce.fast_fourier_transform_combined, 8, 8, 38, 10.1649, 0.0086102
32, 16, hpce.fast_fourier_transform_combined, 8, 8, 45, 4.59897, 0.0015815
32, 16, hpce.fast_fourier_transform_combined, 8, 8, 53, 6.24848, 8.7e-06
32, 16, hpce.fast_fourier_transform_combined, 8, 8, 64, 8.48267, 8.1e-06
32, 16, hpce.fast_fourier_transform_combined, 8, 8, 76, 0.649002, 0.0048705
32, 16, hpce.fast_fourier_transform_combined, 8, 8, 90, 6.17745, 0.0027606
32, 16, hpce.fast_fourier_transform_combined, 8, 8, 107, 4.0058, 1.83e-05
32, 16, hpce.fast_fourier_transform_combined, 8, 8, 128, 6.99139, 1.86e-05
32, 16, hpce.fast_fourier_transform_combined, 8, 8, 152, 12.8346, 7.92e-05
32, 16, hpce.fast_fourier_transform_combined, 8, 8, 181, 3.00734, 5.55e-05
32, 16, hpce.fast_fourier_transform_combined, 8, 8, 215, 3.89364, 5.73e-05
32, 16, hpce.fast_fourier_transform_combined, 8, 8, 256, 7.77228, 6.15e-05
32, 16, hpce.fast_fourier_transform_combined, 8, 8, 304, 6.2474, 9.66e-05
32, 16, hpce.fast_fourier_transform_combined, 8, 8, 362, 12.3514, 0.0001561
32, 16, hpce.fast_fourier_transform_combined, 8, 8, 430, 11.1336, 9.26e-05
32, 16, hpce.fast_fourier_transform_combined, 8, 8, 512, 6.38456, 0.0001072
32, 16, hpce.fast_fourier_transform_combined, 8, 8, 608, 18.3453, 0.0001729
32, 16, hpce.fast_fourier_transform_combined, 8, 8, 724, 6.05831, 0.0002105
32, 16, hpce.fast_fourier_transform_combined, 8, 8, 861, 5.95193, 0.0002301
32, 16, hpce.fast_fourier_transform_combined, 8, 8, 1024, 15.0743, 0.0002079
32, 16, hpce.fast_fourier_transform_combined, 8, 8, 1217, 25.349, 0.0004081
32, 16, hpce.fast_fourier_transform_combined, 8, 8, 1448, 22.9566, 0.0002414
32, 16, hpce.fast_fourier_transform_combined, 8, 8, 1722, 15.9214, 0.0003056
32, 16, hpce.fast_fourier_transform_combined, 8, 8, 2048, 50.2559, 0.0003407
32, 16, hpce.fast_fourier_transform_combined, 8, 8, 2435, 31.2571, 0.0004857
32, 16, hpce.fast_fourier_transform_combined, 8, 8, 2896, 13.6187, 0.000493
32, 16, hpce.fast_fourier_transform_combined, 8, 8, 3444, 16.7054, 0.0005094
32, 16, hpce.fast_fourier_transform_combined, 8, 8, 4096, 41.5433, 0.0004606
32, 16, hpce.fast_fourier_transform_combined, 8, 8, 4870, 84.8676, 0.0010156
32, 16, hpce.fast_fourier_transform_combined, 8, 8, 5792, 20.4682, 0.0012446
32, 16, hpce.fast_fourier_transform_combined, 8, 8, 6888, 44.0272, 0.0010342
32, 16, hpce.fast_fourier_transform_combined, 8, 8, 8192, 105.398, 0.0011031
32, 16, hpce.fast_fourier_transform_combined, 8, 8, 9741, 50.2525, 0.0018223
32, 16, hpce.fast_fourier_transform_combined, 8, 8, 11585, 102.396, 0.0020305
32, 16, hpce.fast_fourier_transform_combined, 8, 8, 13777, 48.408, 0.0023073
32, 16, hpce.fast_fourier_transform_combined, 8, 8, 16384, 83.2001, 0.0014908
32, 16, hpce.fast_fourier_transform_combined, 8, 8, 19483, 75.1435, 0.0034844
32, 16, hpce.fast_fourier_transform_combined, 8, 8, 23170, 57.7327, 0.0038393
32, 16, hpce.fast_fourier_transform_combined, 8, 8, 27554, 131.97, 0.0038914
32, 16, hpce.fast_fourier_transform_combined, 8, 8, 32768, 114.539, 0.0030679
32, 16, hpce.fast_fourier_transform_combined, 8, 8, 38967, 204.035, 0.0077082
32, 16, hpce.fast_fourier_transform_combined, 8, 8, 46340, 106.822, 0.0075563
32, 16, hpce.fast_fourier_transform_combined, 8, 8, 55108, 91.965, 0.0072034
32, 16, hpce.fast_fourier_transform_combined, 8, 8, 65536, 61.2098, 0.0082821
32, 16, hpce.fast_fourier_transform_combined, 8, 8, 77935, 232.701, 0.0188163
32, 16, hpce.fast_fourier_transform_combined, 8, 8, 92681, 34.833, 0.0188123
32, 16, hpce.fast_fourier_transform_combined, 8, 8, 110217, 158.456, 0.0143972
32, 16, hpce.fast_fourier_transform_combined, 8, 8, 131072, 343.686, 0.0155078
32, 16, hpce.fast_fourier_transform_combined, 8, 8, 155871, 106.199, 0.0424066
32, 16, hpce.fast_fourier_transform_combined, 8, 8, 185363, 146.588, 0.0449032
32, 16, hpce.fast_fourier_transform_combined, 8, 8, 220435, 118.499, 0.0461628
32, 16, hpce.fast_fourier_transform_combined, 8, 8, 262144, 313.594, 0.0789924
32, 16, hpce.fast_fourier_transform_combined, 8, 8, 311743, 382.887, 0.0784749
32, 16, hpce.fast_fourier_transform_combined, 8, 8, 370727, 280.517, 0.0695389
32, 16, hpce.fast_fourier_transform_combined, 8, 8, 440871, 118.337, 0.0979498
32, 16, hpce.fast_fourier_transform_combined, 8, 8, 524288, 309.047, 0.0831822
32, 16, hpce.fast_fourier_transform_combined, 8, 8, 623487, 655.52, 0.173285
32, 16, hpce.fast_fourier_transform_combined, 8, 8, 741455, 96.6169, 0.15971
32, 16, hpce.fast_fourier_transform_combined, 8, 8, 881743, 161.942, 0.137504
32, 16, hpce.fast_fourier_transform_combined, 8, 8, 1048576, 550.877, 0.139443
32, 16, hpce.fast_fourier_transform_combined, 8, 8, 1246974, 103.408, 0.323089
32, 16, hpce.fast_fourier_transform_combined, 8, 8, 1482910, 265.466, 0.304757
32, 16, hpce.fast_fourier_transform_combined, 8, 8, 1763487, 1022.81, 0.300203
32, 16, hpce.fast_fourier_transform_combined, 8, 8, 2097152, 1672.13, 0.309054
32, 16, hpce.fast_fourier_transform_combined, 8, 8, 2493948, 1085.24, 0.653401
32, 16, hpce.fast_fourier_transform_combined, 8, 8, 2965820, 473.371, 0.6341
32, 16, hpce.fast_fourier_transform_combined, 8, 8, 3526975, 836.634, 0.681079
32, 16, hpce.fast_fourier_transform_combined, 8, 8, 4194304, 1679.33, 0.604227
32, 16, hpce.fast_fourier_transform_combined, 8, 8, 4987896, 768.932, 1.34886
32, 16, hpce.fast_fourier_transform_combined, 8, 8, 5931641, 559.983, 1.39386
32, 16, hpce.fast_fourier_transform_combined, 8, 8, 7053950, 1307.88, 1.79695
32, 16, hpce.fast_fourier_transform_combined, 8, 8, 8388608, 2882.48, 1.36097
32, 16, hpce.fast_fourier_transform_combined, 8, 8, 9975792, 3553.85, 3.13125
32, 16, hpce.fast_fourier_transform_combined, 8, 8, 11863283, 1940.72, 3.08918
32, 16, hpce.fast_fourier_transform_combined, 8, 8, 14107900, 1159.23, 3.03236
32, 16, hpce.fast_fourier_transform_combined, 8, 8, 16777216, 3402.48, 3.07703
32, 16, hpce.fast_fourier_transform_combined, 8, 8, 19951584, 2187.89, 5.69305
32, 16, hpce.fast_fourier_transform_combined, 8, 8, 23726566, 3263.95, 5.85552
32, 16, hpce.fast_fourier_transform_combined, 8, 8, 28215801, 3521.84, 6.45294
32, 16, hpce.fast_fourier_transform_combined, 8, 8, 33554432, 4734.21, 6.18485
32, 16, hpce.fast_fourier_transform_combined, 8, 8, 39903169, 1428.68, 11.8077
32, 16, hpce.fast_fourier_transform_combined, 8, 8, 47453132, 1864.09, 11.9933
32, 16, hpce.fast_fourier_transform_combined, 8, 8, 56431603, 2422.51, 14.3307
32, 16, hpce.fast_fourier_transform_combined, 8, 8, 67108864, 4805.36, 12.6264
4, 16, hpce.fast_fourier_transform_combined, 8, 8, 16, 5.08428, 0.0060923
4, 16, hpce.fast_fourier_transform_combined, 8, 8, 19, 3.74151, 3.35e-05
4, 16, hpce.fast_fourier_transform_combined, 8, 8, 22, 2.7268, 0.0016732
4, 16, hpce.fast_fourier_transform_combined, 8, 8, 26, 3.69267, 0.0029466
4, 16, hpce.fast_fourier_transform_combined, 8, 8, 32, 5.12512, 5.5e-06
4, 16, hpce.fast_fourier_transform_combined, 8, 8, 38, 10.1649, 0.0014999
4, 16, hpce.fast_fourier_transform_combined, 8, 8, 45, 4.59897, 2.37e-05
4, 16, hpce.fast_fourier_transform_combined, 8, 8, 53, 6.24848, 1.82e-05
4, 16, hpce.fast_fourier_transform_combined, 8, 8, 64, 8.48267, 1.5e-05
4, 16, hpce.fast_fourier_transform_combined, 8, 8, 76, 0.649002, 0.0001437
4, 16, hpce.fast_fourier_transform_combined, 8, 8, 90, 6.17745, 3.43e-05
4, 16, hpce.fast_fourier_transform_combined, 8, 8, 107, 4.0058, 3.39e-05
4, 16, hpce.fast_fourier_transform_combined, 8, 8, 128, 6.99139, 3.5e-05
4, 16, hpce.fast_fourier_transform_combined, 8, 8, 152, 12.8346, 6.38e-05
4, 16, hpce.fast_fourier_transform_combined, 8, 8, 181, 3.00734, 6.96e-05
4, 16, hpce.fast_fourier_transform_combined, 8, 8, 215, 3.89364, 6.31e-05
4, 16, hpce.fast_fourier_transform_combined, 8, 8, 256, 7.77228, 6.02e-05
4, 16, hpce.fast_fourier_transform_combined, 8, 8, 304, 6.2474, 9.7e-05
4, 16, hpce.fast_fourier_transform_combined, 8, 8, 362, 12.3514, 9.48e-05
4, 16, hpce.fast_fourier_transform_combined, 8, 8, 430, 11.1336, 9.26e-05
4, 16, hpce.fast_fourier_transform_combined, 8, 8, 512, 6.38456, 0.0001072
4, 16, hpce.fast_fourier_transform_combined, 8, 8, 608, 18.3453, 0.0001335
4, 16, hpce.fast_fourier_transform_combined, 8, 8, 724, 6.05831, 0.0001338
4, 16, hpce.fast_fourier_transform_combined, 8, 8, 861, 5.95193, 0.0001477
4, 16, hpce.fast_fourier_transform_combined, 8, 8, 1024, 15.0743, 0.0002148
4, 16, hpce.fast_fourier_transform_combined, 8, 8, 1217, 25.349, 0.0002619
4, 16, hpce.fast_fourier_transform_combined, 8, 8, 1448, 22.9566, 0.000225
4, 16, hpce.fast_fourier_transform_combined, 8, 8, 1722, 15.9214, 0.0002556
4, 16, hpce.fast_fourier_transform_combined, 8, 8, 2048, 50.2559, 0.0002396
4, 16, hpce.fast_fourier_transform_combined, 8, 8, 2435, 31.2571, 0.0004318
4, 16, hpce.fast_fourier_transform_combined, 8, 8, 2896, 13.6187, 0.0004736
4, 16, hpce.fast_fourier_transform_combined, 8, 8, 3444, 16.7054, 0.0004646
4, 16, hpce.fast_fourier_transform_combined, 8, 8, 4096, 41.5433, 0.0006262
4, 16, hpce.fast_fourier_transform_combined, 8, 8, 4870, 84.8676, 0.0010908
4, 16, hpce.fast_fourier_transform_combined, 8, 8, 5792, 20.4682, 0.000985
4, 16, hpce.fast_fourier_transform_combined, 8, 8, 6888, 44.0272, 0.0009613
4, 16, hpce.fast_fourier_transform_combined, 8, 8, 8192, 105.398, 0.0010895
4, 16, hpce.fast_fourier_transform_combined, 8, 8, 9741, 50.2525, 0.0019171
4, 16, hpce.fast_fourier_transform_combined, 8, 8, 11585, 102.396, 0.0018756
4, 16, hpce.fast_fourier_transform_combined, 8, 8, 13777, 48.408, 0.0020407
4, 16, hpce.fast_fourier_transform_combined, 8, 8, 16384, 83.2001, 0.0014663
4, 16, hpce.fast_fourier_transform_combined, 8, 8, 19483, 75.1435, 0.0032941
4, 16, hpce.fast_fourier_transform_combined, 8, 8, 23170, 57.7327, 0.0043374
4, 16, hpce.fast_fourier_transform_combined, 8, 8, 27554, 131.97, 0.0039611
4, 16, hpce.fast_fourier_transform_combined, 8, 8, 32768, 114.539, 0.0031022
4, 16, hpce.fast_fourier_transform_combined, 8, 8, 38967, 204.035, 0.0066611
4, 16, hpce.fast_fourier_transform_combined, 8, 8, 46340, 106.822, 0.0072264
4, 16, hpce.fast_fourier_transform_combined, 8, 8, 55108, 91.965, 0.0066932
4, 16, hpce.fast_fourier_transform_combined, 8, 8, 65536, 61.2098, 0.0059756
4, 16, hpce.fast_fourier_transform_combined, 8, 8, 77935, 232.701, 0.0181348
4, 16, hpce.fast_fourier_transform_combined, 8, 8, 92681, 34.833, 0.0174889
4, 16, hpce.fast_fourier_transform_combined, 8, 8, 110217, 158.456, 0.0145412
4, 16, hpce.fast_fourier_transform_combined, 8, 8, 131072, 343.686, 0.0125736
4, 16, hpce.fast_fourier_transform_combined, 8, 8, 155871, 106.199, 0.0334747
4, 16, hpce.fast_fourier_transform_combined, 8, 8, 185363, 146.588, 0.0329098
4, 16, hpce.fast_fourier_transform_combined, 8, 8, 220435, 118.499, 0.0319019
4, 16, hpce.fast_fourier_transform_combined, 8, 8, 262144, 313.594, 0.029704
4, 16, hpce.fast_fourier_transform_combined, 8, 8, 311743, 382.887, 0.0676776
4, 16, hpce.fast_fourier_transform_combined, 8, 8, 370727, 280.517, 0.0703336
4, 16, hpce.fast_fourier_transform_combined, 8, 8, 440871, 118.337, 0.0657884
4, 16, hpce.fast_fourier_transform_combined, 8, 8, 524288, 309.047, 0.065385
4, 16, hpce.fast_fourier_transform_combined, 8, 8, 623487, 655.52, 0.151813
4, 16, hpce.fast_fourier_transform_combined, 8, 8, 741455, 96.6169, 0.152007
4, 16, hpce.fast_fourier_transform_combined, 8, 8, 881743, 161.942, 0.157082
4, 16, hpce.fast_fourier_transform_combined, 8, 8, 1048576, 550.877, 0.13354
4, 16, hpce.fast_fourier_transform_combined, 8, 8, 1246974, 103.408, 0.317431
4, 16, hpce.fast_fourier_transform_combined, 8, 8, 1482910, 265.466, 0.301065
4, 16, hpce.fast_fourier_transform_combined, 8, 8, 1763487, 1022.81, 0.324141
4, 16, hpce.fast_fourier_transform_combined, 8, 8, 2097152, 1672.13, 0.335547
4, 16, hpce.fast_fourier_transform_combined, 8, 8, 2493948, 1085.24, 0.669193
4, 16, hpce.fast_fourier_transform_combined, 8, 8, 2965820, 473.371, 0.665517
4, 16, hpce.fast_fourier_transform_combined, 8, 8, 3526975, 836.634, 0.717307
4, 16, hpce.fast_fourier_transform_combined, 8, 8, 4194304, 1679.33, 0.62935
4, 16, hpce.fast_fourier_transform_combined, 8, 8, 4987896, 768.932, 1.76381
4, 16, hpce.fast_fourier_transform_combined, 8, 8, 5931641, 559.983, 1.48844
4, 16, hpce.fast_fourier_transform_combined, 8, 8, 7053950, 1307.88, 1.49098
4, 16, hpce.fast_fourier_transform_combined, 8, 8, 8388608, 2882.48, 1.39289
4, 16, hpce.fast_fourier_transform_combined, 8, 8, 9975792, 3553.85, 2.85992
4, 16, hpce.fast_fourier_transform_combined, 8, 8, 11863283, 1940.72, 2.97684
4, 16, hpce.fast_fourier_transform_combined, 8, 8, 14107900, 1159.23, 3.10807
4, 16, hpce.fast_fourier_transform_combined, 8, 8, 16777216, 3402.48, 2.83184
4, 16, hpce.fast_fourier_transform_combined, 8, 8, 19951584, 2187.89, 6.18639
4, 16, hpce.fast_fourier_transform_combined, 8, 8, 23726566, 3263.95, 6.45876
4, 16, hpce.fast_fourier_transform_combined, 8, 8, 28215801, 3521.84, 6.64361
4, 16, hpce.fast_fourier_transform_combined, 8, 8, 33554432, 4734.21, 6.25587
4, 16, hpce.fast_fourier_transform_combined, 8, 8, 39903169, 1428.68, 13.1842
4, 16, hpce.fast_fourier_transform_combined, 8, 8, 47453132, 1864.09, 13.6827
4, 16, hpce.fast_fourier_transform_combined, 8, 8, 56431603, 2422.51, 13.7703
4, 16, hpce.fast_fourier_transform_combined, 8, 8, 67108864, 4805.36, 13.0773
64, 16, hpce.fast_fourier_transform_combined, 8, 8, 16, 5.08428, 2.26e-05
64, 16, hpce.fast_fourier_transform_combined, 8, 8, 19, 3.74151, 6.2e-06
64, 16, hpce.fast_fourier_transform_combined, 8, 8, 22, 2.7268, 2.2e-06
64, 16, hpce.fast_fourier_transform_combined, 8, 8, 26, 3.69267, 2.6e-06
64, 16, hpce.fast_fourier_transform_combined, 8, 8, 32, 5.12512, 2.2e-06
64, 16, hpce.fast_fourier_transform_combined, 8, 8, 38, 10.1649, 0.0134922
64, 16, hpce.fast_fourier_transform_combined, 8, 8, 45, 4.59897, 1.97e-05
64, 16, hpce.fast_fourier_transform_combined, 8, 8, 53, 6.24848, 8.7e-06
64, 16, hpce.fast_fourier_transform_combined, 8, 8, 64, 8.48267, 1.05e-05
64, 16, hpce.fast_fourier_transform_combined, 8, 8, 76, 0.649002, 7.44e-05
64, 16, hpce.fast_fourier_transform_combined, 8, 8, 90, 6.17745, 4.37e-05
64, 16, hpce.fast_fourier_transform_combined, 8, 8, 107, 4.0058, 2.92e-05
64, 16, hpce.fast_fourier_transform_combined, 8, 8, 128, 6.99139, 2.41e-05
64, 16, hpce.fast_fourier_transform_combined, 8, 8, 152, 12.8346, 9.37e-05
64, 16, hpce.fast_fourier_transform_combined, 8, 8, 181, 3.00734, 3.94e-05
64, 16, hpce.fast_fourier_transform_combined, 8, 8, 215, 3.89364, 6.09e-05
64, 16, hpce.fast_fourier_transform_combined, 8, 8, 256, 7.77228, 4.52e-05
64, 16, hpce.fast_fourier_transform_combined, 8, 8, 304, 6.2474, 8.65e-05
64, 16, hpce.fast_fourier_transform_combined, 8, 8, 362, 12.3514, 8.46e-05
64, 16, hpce.fast_fourier_transform_combined, 8, 8, 430, 11.1336, 8.17e-05
64, 16, hpce.fast_fourier_transform_combined, 8, 8, 512, 6.38456, 8.17e-05
64, 16, hpce.fast_fourier_transform_combined, 8, 8, 608, 18.3453, 0.000144
64, 16, hpce.fast_fourier_transform_combined, 8, 8, 724, 6.05831, 0.0001437
64, 16, hpce.fast_fourier_transform_combined, 8, 8, 861, 5.95193, 0.0001167
64, 16, hpce.fast_fourier_transform_combined, 8, 8, 1024, 15.0743, 0.0001233
64, 16, hpce.fast_fourier_transform_combined, 8, 8, 1217, 25.349, 0.0002465
64, 16, hpce.fast_fourier_transform_combined, 8, 8, 1448, 22.9566, 0.0002057
64, 16, hpce.fast_fourier_transform_combined, 8, 8, 1722, 15.9214, 0.000226
64, 16, hpce.fast_fourier_transform_combined, 8, 8, 2048, 50.2559, 0.000187
64, 16, hpce.fast_fourier_transform_combined, 8, 8, 2435, 31.2571, 0.000507
64, 16, hpce.fast_fourier_transform_combined, 8, 8, 2896, 13.6187, 0.0005295
64, 16, hpce.fast_fourier_transform_combined, 8, 8, 3444, 16.7054, 0.0006148
64, 16, hpce.fast_fourier_transform_combined, 8, 8, 4096, 41.5433, 0.0004558
64, 16, hpce.fast_fourier_transform_combined, 8, 8, 4870, 84.8676, 0.0009795
64, 16, hpce.fast_fourier_transform_combined, 8, 8, 5792, 20.4682, 0.0008449
64, 16, hpce.fast_fourier_transform_combined, 8, 8, 6888, 44.0272, 0.0008234
64, 16, hpce.fast_fourier_transform_combined, 8, 8, 8192, 105.398, 0.0009777
64, 16, hpce.fast_fourier_transform_combined, 8, 8, 9741, 50.2525, 0.001754
64, 16, hpce.fast_fourier_transform_combined, 8, 8, 11585, 102.396, 0.0017253
64, 16, hpce.fast_fourier_transform_combined, 8, 8, 13777, 48.408, 0.0018081
64, 16, hpce.fast_fourier_transform_combined, 8, 8, 16384, 83.2001, 0.0013372
64, 16, hpce.fast_fourier_transform_combined, 8, 8, 19483, 75.1435, 0.0033539
64, 16, hpce.fast_fourier_transform_combined, 8, 8, 23170, 57.7327, 0.0034663
64, 16, hpce.fast_fourier_transform_combined, 8, 8, 27554, 131.97, 0.0034341
64, 16, hpce.fast_fourier_transform_combined, 8, 8, 32768, 114.539, 0.0031012
64, 16, hpce.fast_fourier_transform_combined, 8, 8, 38967, 204.035, 0.00701
64, 16, hpce.fast_fourier_transform_combined, 8, 8, 46340, 106.822, 0.0061002
64, 16, hpce.fast_fourier_transform_combined, 8, 8, 55108, 91.965, 0.0071122
64, 16, hpce.fast_fourier_transform_combined, 8, 8, 65536, 61.2098, 0.0056944
64, 16, hpce.fast_fourier_transform_combined, 8, 8, 77935, 232.701, 0.0164813
64, 16, hpce.fast_fourier_transform_combined, 8, 8, 92681, 34.833, 0.0155332
64, 16, hpce.fast_fourier_transform_combined, 8, 8, 110217, 158.456, 0.0128462
64, 16, hpce.fast_fourier_transform_combined, 8, 8, 131072, 343.686, 0.0125425
64, 16, hpce.fast_fourier_transform_combined, 8, 8, 155871, 106.199, 0.0314657
64, 16, hpce.fast_fourier_transform_combined, 8, 8, 185363, 146.588, 0.0290166
64, 16, hpce.fast_fourier_transform_combined, 8, 8, 220435, 118.499, 0.0291767
64, 16, hpce.fast_fourier_transform_combined, 8, 8, 262144, 313.594, 0.0268654
64, 16, hpce.fast_fourier_transform_combined, 8, 8, 311743, 382.887, 0.0630566
64, 16, hpce.fast_fourier_transform_combined, 8, 8, 370727, 280.517, 0.0596669
64, 16, hpce.fast_fourier_transform_combined, 8, 8, 440871, 118.337, 0.0664893
64, 16, hpce.fast_fourier_transform_combined, 8, 8, 524288, 309.047, 0.0590145
64, 16, hpce.fast_fourier_transform_combined, 8, 8, 623487, 655.52, 0.140613
64, 16, hpce.fast_fourier_transform_combined, 8, 8, 741455, 96.6169, 0.139457
64, 16, hpce.fast_fourier_transform_combined, 8, 8, 881743, 161.942, 0.153022
64, 16, hpce.fast_fourier_transform_combined, 8, 8, 1048576, 550.877, 0.125536
64, 16, hpce.fast_fourier_transform_combined, 8, 8, 1246974, 103.408, 0.300608
64, 16, hpce.fast_fourier_transform_combined, 8, 8, 1482910, 265.466, 0.291212
64, 16, hpce.fast_fourier_transform_combined, 8, 8, 1763487, 1022.81, 0.297288
64, 16, hpce.fast_fourier_transform_combined, 8, 8, 2097152, 1672.13, 0.307449
64, 16, hpce.fast_fourier_transform_combined, 8, 8, 2493948, 1085.24, 0.641827
64, 16, hpce.fast_fourier_transform_combined, 8, 8, 2965820, 473.371, 0.632706
64, 16, hpce.fast_fourier_transform_combined, 8, 8, 3526975, 836.634, 0.691964
64, 16, hpce.fast_fourier_transform_combined, 8, 8, 4194304, 1679.33, 0.596604
64, 16, hpce.fast_fourier_transform_combined, 8, 8, 4987896, 768.932, 1.33051
64, 16, hpce.fast_fourier_transform_combined, 8, 8, 5931641, 559.983, 1.42094
64, 16, hpce.fast_fourier_transform_combined, 8, 8, 7053950, 1307.88, 1.74839
64, 16, hpce.fast_fourier_transform_combined, 8, 8, 8388608, 2882.48, 1.37203
64, 16, hpce.fast_fourier_transform_combined, 8, 8, 9975792, 3553.85, 2.75968
64, 16, hpce.fast_fourier_transform_combined, 8, 8, 11863283, 1940.72, 3.00662
64, 16, hpce.fast_fourier_transform_combined, 8, 8, 14107900, 1159.23, 3.13205
64, 16, hpce.fast_fourier_transform_combined, 8, 8, 16777216, 3402.48, 3.01136
64, 16, hpce.fast_fourier_transform_combined, 8, 8, 19951584, 2187.89, 6.06187
64, 16, hpce.fast_fourier_transform_combined, 8, 8, 23726566, 3263.95, 5.92019
64, 16, hpce.fast_fourier_transform_combined, 8, 8, 28215801, 3521.84, 6.16481
64, 16, hpce.fast_fourier_transform_combined, 8, 8, 33554432, 4734.21, 5.73352
64, 16, hpce.fast_fourier_transform_combined, 8, 8, 39903169, 1428.68, 11.892
64, 16, hpce.fast_fourier_transform_combined, 8, 8, 47453132, 1864.09, 11.9403
64, 16, hpce.fast_fourier_transform_combined, 8, 8, 56431603, 2422.51, 12.3807
64, 16, hpce.fast_fourier_transform_combined, 8, 8, 67108864, 4805.36, 11.9009
8, 16, hpce.fast_fourier_transform_combined, 8, 8, 16, 5.08428, 2.23e-05
8, 16, hpce.fast_fourier_transform_combined, 8, 8, 19, 3.74151, 0.0089122
8, 16, hpce.fast_fourier_transform_combined, 8, 8, 22, 2.7268, 6.5e-06
8, 16, hpce.fast_fourier_transform_combined, 8, 8, 26, 3.69267, 4.7e-06
8, 16, hpce.fast_fourier_transform_combined, 8, 8, 32, 5.12512, 4.7e-06
8, 16, hpce.fast_fourier_transform_combined, 8, 8, 38, 10.1649, 0.0101429
8, 16, hpce.fast_fourier_transform_combined, 8, 8, 45, 4.59897, 4.26e-05
8, 16, hpce.fast_fourier_transform_combined, 8, 8, 53, 6.24848, 2.19e-05
8, 16, hpce.fast_fourier_transform_combined, 8, 8, 64, 8.48267, 1.53e-05
8, 16, hpce.fast_fourier_transform_combined, 8, 8, 76, 0.649002, 0.000113
8, 16, hpce.fast_fourier_transform_combined, 8, 8, 90, 6.17745, 2.81e-05
8, 16, hpce.fast_fourier_transform_combined, 8, 8, 107, 4.0058, 4.96e-05
8, 16, hpce.fast_fourier_transform_combined, 8, 8, 128, 6.99139, 3.21e-05
8, 16, hpce.fast_fourier_transform_combined, 8, 8, 152, 12.8346, 7.41e-05
8, 16, hpce.fast_fourier_transform_combined, 8, 8, 181, 3.00734, 8.57e-05
8, 16, hpce.fast_fourier_transform_combined, 8, 8, 215, 3.89364, 5.98e-05
8, 16, hpce.fast_fourier_transform_combined, 8, 8, 256, 7.77228, 5e-05
8, 16, hpce.fast_fourier_transform_combined, 8, 8, 304, 6.2474, 8.47e-05
8, 16, hpce.fast_fourier_transform_combined, 8, 8, 362, 12.3514, 8.72e-05
8, 16, hpce.fast_fourier_transform_combined, 8, 8, 430, 11.1336, 0.000156
8, 16, hpce.fast_fourier_transform_combined, 8, 8, 512, 6.38456, 7.62e-05
8, 16, hpce.fast_fourier_transform_combined, 8, 8, 608, 18.3453, 0.00014
8, 16, hpce.fast_fourier_transform_combined, 8, 8, 724, 6.05831, 0.0001415
8, 16, hpce.fast_fourier_transform_combined, 8, 8, 861, 5.95193, 0.000167
8, 16, hpce.fast_fourier_transform_combined, 8, 8, 1024, 15.0743, 0.0001364
8, 16, hpce.fast_fourier_transform_combined, 8, 8, 1217, 25.349, 0.0002782
8, 16, hpce.fast_fourier_transform_combined, 8, 8, 1448, 22.9566, 0.0002071
8, 16, hpce.fast_fourier_transform_combined, 8, 8, 1722, 15.9214, 0.0002221
8, 16, hpce.fast_fourier_transform_combined, 8, 8, 2048, 50.2559, 0.0002294
8, 16, hpce.fast_fourier_transform_combined, 8, 8, 2435, 31.2571, 0.0004402
8, 16, hpce.fast_fourier_transform_combined, 8, 8, 2896, 13.6187, 0.0004573
8, 16, hpce.fast_fourier_transform_combined, 8, 8, 3444, 16.7054, 0.0004569
8, 16, hpce.fast_fourier_transform_combined, 8, 8, 4096, 41.5433, 0.0004559
8, 16, hpce.fast_fourier_transform_combined, 8, 8, 4870, 84.8676, 0.0009704
8, 16, hpce.fast_fourier_transform_combined, 8, 8, 5792, 20.4682, 0.0008529
8, 16, hpce.fast_fourier_transform_combined, 8, 8, 6888, 44.0272, 0.0008361
8, 16, hpce.fast_fourier_transform_combined, 8, 8, 8192, 105.398, 0.0009478
8, 16, hpce.fast_fourier_transform_combined, 8, 8, 9741, 50.2525, 0.0017405
8, 16, hpce.fast_fourier_transform_combined, 8, 8, 11585, 102.396, 0.0018756
8, 16, hpce.fast_fourier_transform_combined, 8, 8, 13777, 48.408, 0.0017993
8, 16, hpce.fast_fourier_transform_combined, 8, 8, 16384, 83.2001, 0.0015769
8, 16, hpce.fast_fourier_transform_combined, 8, 8, 19483, 75.1435, 0.0032324
8, 16, hpce.fast_fourier_transform_combined, 8, 8, 23170, 57.7327, 0.0042959
8, 16, hpce.fast_fourier_transform_combined, 8, 8, 27554, 131.97, 0.0044245
8, 16, hpce.fast_fourier_transform_combined, 8, 8, 32768, 114.539, 0.002882
8, 16, hpce.fast_fourier_transform_combined, 8, 8, 38967, 204.035, 0.0076015
8, 16, hpce.fast_fourier_transform_combined, 8, 8, 46340, 106.822, 0.0071085
8, 16, hpce.fast_fourier_transform_combined, 8, 8, 55108, 91.965, 0.0079356
8, 16, hpce.fast_fourier_transform_combined, 8, 8, 65536, 61.2098, 0.0088829
8, 16, hpce.fast_fourier_transform_combined, 8, 8, 77935, 232.701, 0.0211878
8, 16, hpce.fast_fourier_transform_combined, 8, 8, 92681, 34.833, 0.0224073
8, 16, hpce.fast_fourier_transform_combined, 8, 8, 110217, 158.456, 0.0145724
8, 16, hpce.fast_fourier_transform_combined, 8, 8, 131072, 343.686, 0.0139852
8, 16, hpce.fast_fourier_transform_combined, 8, 8, 155871, 106.199, 0.0439062
8, 16, hpce.fast_fourier_transform_combined, 8, 8, 185363, 146.588, 0.0346795
8, 16, hpce.fast_fourier_transform_combined, 8, 8, 220435, 118.499, 0.0282935
8, 16, hpce.fast_fourier_transform_combined, 8, 8, 262144, 313.594, 0.0303376
8, 16, hpce.fast_fourier_transform_combined, 8, 8, 311743, 382.887, 0.0621113
8, 16, hpce.fast_fourier_transform_combined, 8, 8, 370727, 280.517, 0.0605674
8, 16, hpce.fast_fourier_transform_combined, 8, 8, 440871, 118.337, 0.0643716
8, 16, hpce.fast_fourier_transform_combined, 8, 8, 524288, 309.047, 0.0620323
8, 16, hpce.fast_fourier_transform_combined, 8, 8, 623487, 655.52, 0.150314
8, 16, hpce.fast_fourier_transform_combined, 8, 8, 741455, 96.6169, 0.146899
8, 16, hpce.fast_fourier_transform_combined, 8, 8, 881743, 161.942, 0.157555
8, 16, hpce.fast_fourier_transform_combined, 8, 8, 1048576, 550.877, 0.148366
8, 16, hpce.fast_fourier_transform_combined, 8, 8, 1246974, 103.408, 0.313622
8, 16, hpce.fast_fourier_transform_combined, 8, 8, 1482910, 265.466, 0.3016
8, 16, hpce.fast_fourier_transform_combined, 8, 8, 1763487, 1022.81, 0.319663
8, 16, hpce.fast_fourier_transform_combined, 8, 8, 2097152, 1672.13, 0.325934
8, 16, hpce.fast_fourier_transform_combined, 8, 8, 2493948, 1085.24, 0.671915
8, 16, hpce.fast_fourier_transform_combined, 8, 8, 2965820, 473.371, 0.639808
8, 16, hpce.fast_fourier_transform_combined, 8, 8, 3526975, 836.634, 0.77084
8, 16, hpce.fast_fourier_transform_combined, 8, 8, 4194304, 1679.33, 0.619596
8, 16, hpce.fast_fourier_transform_combined, 8, 8, 4987896, 768.932, 1.39764
8, 16, hpce.fast_fourier_transform_combined, 8, 8, 5931641, 559.983, 1.44165
8, 16, hpce.fast_fourier_transform_combined, 8, 8, 7053950, 1307.88, 1.51408
8, 16, hpce.fast_fourier_transform_combined, 8, 8, 8388608, 2882.48, 1.44401
8, 16, hpce.fast_fourier_transform_combined, 8, 8, 9975792, 3553.85, 2.9895
8, 16, hpce.fast_fourier_transform_combined, 8, 8, 11863283, 1940.72, 3.04588
8, 16, hpce.fast_fourier_transform_combined, 8, 8, 14107900, 1159.23, 3.15812
8, 16, hpce.fast_fourier_transform_combined, 8, 8, 16777216, 3402.48, 3.18426
8, 16, hpce.fast_fourier_transform_combined, 8, 8, 19951584, 2187.89, 5.85727
8, 16, hpce.fast_fourier_transform_combined, 8, 8, 23726566, 3263.95, 5.97223
8, 16, hpce.fast_fourier_transform_combined, 8, 8, 28215801, 3521.84, 6.20565
8, 16, hpce.fast_fourier_transform_combined, 8, 8, 33554432, 4734.21, 6.44092
8, 16, hpce.fast_fourier_transform_combined, 8, 8, 39903169, 1428.68, 12.8086
8, 16, hpce.fast_fourier_transform_combined, 8, 8, 47453132, 1864.09, 12.828
8, 16, hpce.fast_fourier_transform_combined, 8, 8, 56431603, 2422.51, 13.4032
8, 16, hpce.fast_fourier_transform_combined, 8, 8, 67108864, 4805.36, 12.644
